/*EJECUTAR DESPUES DE EJECUTAR BACKEND*/
insert into distrito (id,descripcion) values
(1, "Lima"),
(2,"Barranco"),
(3,"San Isidro"),
(4,"San Juan de Lurigacho"),
(5,"Surco"),
(6,"Miraflores"),
(7,"La Molina"),
(8,"Pueblo Libre"),
(9,"San Borja"),
(10,"San Luis"),
(11,"Villa Salvador"),
(12,"Lince"),
(13,"Ate"),
(14,"La Victoria"),
(15,"Los Olivos"),
(16,"Chorrillos"),
(17,"Brena"),
(18,"Magdalena del Mar"),
(19,"San Borja"),
(20,"Surquillo"),
(21, "San Miguel");



INSERT INTO hospital (nombre, id_distrito, url_direccion, url_imagen) VALUES 

("Hospital Casimiro Ulloa",1,"https://maps.app.goo.gl/94BKSpEYi3zyDL9f8","https://lh5.googleusercontent.com/p/AF1QipMCAaNled8Ufn5e_JaWfCDKXsbSXXcD8A5W-LKP=w408-h251-k-no"),
("hospital de barranco",2,"https://maps.app.goo.gl/qJzwa7scvPzCPkNZA","https://lh5.googleusercontent.com/p/AF1QipN6CIzZSTosJod5etv4VEBTAcXrx4dLyClHD8PQ=w426-h240-k-no"),
('Hospital Policlinico',3,"https://maps.app.goo.gl/BdrFNX3tReKRw2v68","https://msi.gob.pe/portal/wp-content/uploads/2021/05/policlinico-paul-harris-1200x565.jpg"),
("Hospital San Juan",4,"https://maps.app.goo.gl/ye6bboEiSNTQT2ub6","https://lh5.googleusercontent.com/p/AF1QipM29ghhg7cpGWhvogsp5xxyI5xUve1yUGA7ziVc=w426-h240-k-no"),
("Centro de Salud Surco",5,"https://maps.app.goo.gl/ozVxWcHnQHDNjRqt8","https://lh5.googleusercontent.com/xLY6UmM1f4ObztTP0J-OlCy7WsJ2D8qTAhahCvcVrzv-8NEi9NKoKZ2lcxtOomJH9A=w408-h408-k-no"),
("Hospital de Miraflores",6,"https://maps.app.goo.gl/BbmJ5B9mMRrKCKf37","https://lh5.googleusercontent.com/p/AF1QipOjh11p2WNdua-oxRrq-tcFVBute3MwuzlSuVk_=w408-h544-k-no"),
("Hospital EsSalud",7,"https://maps.app.goo.gl/nDanwLmKoRTd9e7u6","https://criterio.hn/wp-content/uploads/2020/08/hospital-san-isidro-scaled.jpg"),
("Hospital Pueblo Libre",8,"https://maps.app.goo.gl/7qr9HD569jKN4qHX8","https://lh5.googleusercontent.com/p/AF1QipPB8bkIOqEpsePRcsGSmsM6xBLJBzAYWykEseYn=w408-h541-k-no"),
("Hospital del niño",9,"https://maps.app.goo.gl/4FSWg4L61uJ9Cq3x9","https://lh5.googleusercontent.com/p/AF1QipPPEKuRVntGe42lhGB8PkzAESuZGKg6thAb4-89=w408-h541-k-no"),
("Centro de Salud",10,"https://maps.app.goo.gl/FBp6QR4iVQcdJKMY9","https://lh5.googleusercontent.com/p/AF1QipPlqE-DzXzHp_zDigB13z0Bxm2O4CXEw9KV-_kS=w408-h306-k-no"),
("Hospital de Emergencia",11,"https://maps.app.goo.gl/zPMBYEQMGFLZ6QBD6","https://lh5.googleusercontent.com/p/AF1QipMZzTaW7QM0onKo1xLUimwI9rLsFsct8nSv064W=w426-h240-k-no"),
("Solidaridad de Lince",12,"https://maps.app.goo.gl/Domod1y5t61etm827","https://lh5.googleusercontent.com/p/AF1QipN1xe0nfaNeun3i2H2r-TlFTUtlRTtOdci_ZFWe=w408-h306-k-no"),
("Hospital de Lima Vitarte",13,"https://maps.app.goo.gl/RvKv4RReEGDuStp57","https://lh5.googleusercontent.com/p/AF1QipNIsL67WBWxjBO7aVmiFSyC24bMoJA9aLdFDmtj=w408-h306-k-no"),
("Solidaridad",14,"https://maps.app.goo.gl/X9nafg3cmV5ifuJY7","https://lh3.googleusercontent.com/m5_y44_sXktAT6UBB59o2OJ9BSLzqzHhkjfZ65Il1Wc8Py6ifj30EAM0MFCW2m4=w408-h306-k-no"),
("Hospital Los Olivos",15,"https://maps.app.goo.gl/BPHB53piV11qahr88","https://lh5.googleusercontent.com/p/AF1QipOOrFzPPXJDmETk916HvP0SrVWokzba0rLiK_28=w408-h544-k-no"),
("Hospital Chorrillos",16,"https://maps.app.goo.gl/BPHB53piV11qahr88","https://lh5.googleusercontent.com/p/AF1QipPSoQPfN5k-og3NUVs9T6EugcUm6k6Jz8ipGR-s=w408-h306-k-no"),
("Hospital el nino",17,"https://maps.app.goo.gl/LysgoGbzRe4Wq3RZA","https://lh5.googleusercontent.com/p/AF1QipN__ziOjCYdSI4dibPsWG_0lgQSOKG7qGZZ2M8X=w408-h544-k-no"),
("Hospital Larco Herrera",18,"https://maps.app.goo.gl/hu7ECAC34dEPcnBd6","https://lh5.googleusercontent.com/p/AF1QipP7_C4irKW2BMa4lThBFDIhqlhf-7kWH_irdNmF=w408-h544-k-no"),
("Hospital de san borja",19,"https://maps.app.goo.gl/cZb3aPMXYoZ3ujPGA","https://lh5.googleusercontent.com/p/AF1QipOD_L-82VGaDO3eA7thZaFaps46INgdFxuOoKZT=w408-h271-k-no"),
("Centro de Salud Surquillo",20,"https://maps.app.goo.gl/5ds2JewQbU48Tdgf6","https://lh5.googleusercontent.com/p/AF1QipMZ_paNg1WtQsV2wwxGEBUxj_x_UD76QBH_gMqk=w408-h317-k-no"),
("Hopital de San Miguel",21,"https://maps.app.goo.gl/mrffGZvT2AXJrJxG7","https://lh4.googleusercontent.com/FW6k_D6q4ZX4gdrPqtFKrYvO-FwtZilPV__Pey7j262hvyOSC6qRKspDuRty1Y9T=w408-h408-k-no");

INSERT INTO comisaria (nombre, id_distrito, url_direccion, url_imagen) VALUES

("Comisaria Alfonso Ugarte",1,"https://maps.app.goo.gl/3HQL9i7kUoG6aRcM7","https://lh5.googleusercontent.com/p/AF1QipNKYtfZ2oiT5zLwGPHxDN8RL_akSrWIx3Edl8F7=w408-h293-k-no"),
("comisaria de barranco",2,"https://maps.app.goo.gl/3abzvK3joeUvB8cG8","https://lh5.googleusercontent.com/p/AF1QipOULHBk4ZkyafG_pbfuRtsudUSLWtwpCLY6W0f8=w408-h725-k-no"),
("comisaria san Isidro",3,"https://maps.app.goo.gl/sXG1qHLXsMi4gSYeA","https://1.bp.blogspot.com/-dPvKtl1BMe0/VfnGtaOIJTI/AAAAAAAAACY/LNDw1wD9DoE/s1280/FRONTIS%2BCOMISARIA.JPG"),
("comisaria Zarate",4,"https://maps.app.goo.gl/iZ5NSDwRs2BFjj286","https://lh5.googleusercontent.com/p/AF1QipM3LSMZDwjnPWz8MuDx53tgPJthO83xi-t1TDAG=w408-h306-k-no"),
("comisaria de Surco",5,"https://maps.app.goo.gl/ozVxWcHnQHDNjRqt8","https://lh5.googleusercontent.com/p/AF1QipNh010Zdgy_2x9QHUtTgeMINH146EreiqomMK-S=w408-h725-k-no"),
("Comisaria de Miraflores",6,"https://maps.app.goo.gl/2iqtFZr7p6CrfVjw5","https://lh5.googleusercontent.com/p/AF1QipNno4SVvCblC63TKTWAE0TdAeN53np-j2ke5w4W=w426-h240-k-no"),
("La Molina",7,"https://maps.app.goo.gl/7SwDkH9VxbmSgspz5","https://lh5.googleusercontent.com/p/AF1QipM1FQKNaoDDfylf_vlx5RTbo34M9H_dgqq4hgjL=w408-h507-k-no"),
("comisaria pueblo libre",8,"https://maps.app.goo.gl/V2u6j5UkzR5nJo5c7","https://lh5.googleusercontent.com/p/AF1QipNYunWmQyoQCLJZKRADYOImgKb46cUit-bF1wtV=w408-h306-k-no"),
("comisaria san borja",9,"https://maps.app.goo.gl/rKBThfB3ZtHZLDJp7","https://lh5.googleusercontent.com/p/AF1QipMlqz5CO6X48HoKh6ZFy4_WBf0_ACJbezwa4D3V=w408-h306-k-no"),
("omisaria san luis",10,"https://maps.app.goo.gl/FBp6QR4iVQcdJKMY9","https://lh5.googleusercontent.com/uPivlhV_SFXbgYCNbZUoMZ3T7D4WXWFXue2bHFOfAmo1zt8n5jRHId6TdBGuOUg=w408-h306-k-no"),
("comisaria vila salvador",11,"https://maps.app.goo.gl/aXaVgeaR5yEDEppj9","https://lh5.googleusercontent.com/p/AF1QipPCedrOfozKfCq29eXZULgR5Cpmq_msnim4mtRw=w408-h306-k-no"),
("comisaria lince",12,"https://maps.app.goo.gl/6mZJYU71w7fm5E4K8","https://lh5.googleusercontent.com/p/AF1QipOFKRu9wZhZemTT6SxQcAVWVom2mFarRg-UnfzN=w408-h279-k-no"),
("comisaria vitarte",13,"https://maps.app.goo.gl/gCoRvEH6x3VLccka7","https://lh4.googleusercontent.com/ibgVBWbhJUPEJDyYQiS-AFAJW8iQh0uWU0E-kXEY5hHPpgHuFEZYHHycaW6pXoMGCA=w408-h306-k-no"),
("comisaria victoria",14,"https://maps.app.goo.gl/7Y31mvVbXTpbAsWd9","https://lh5.googleusercontent.com/p/AF1QipPRuGWzbpzeaNtuPUKzIpOJdigW5BuKmsYmhfEL=w426-h240-k-no"),
("comisaria los olivos",15,"https://maps.app.goo.gl/omiRB7DG3ZotTUr27","https://lh5.googleusercontent.com/p/AF1QipO2aTabytnMmj2A1QUf-A0-cC5XsDrFIJo8txRn=w426-h240-k-no"),
("comisaria chorrillos",16,"https://maps.app.goo.gl/TcLR5ugK6N4B1qJTA","https://lh5.googleusercontent.com/p/AF1QipP3x8PWjgCln0wX8pBuasZN7PUIk4tnnr_s9Q5b=w426-h240-k-no"),
("comisaria brena",17,"https://maps.app.goo.gl/pbBnUGGT6vvT1LKj8","https://lh5.googleusercontent.com/p/AF1QipM90leJdEfc46R_28s_iDYhu4ozD0izUqeUxKXa=w416-h240-k-no"),
("comisaria Magdalena",18,"https://maps.app.goo.gl/isCgv7bfKPxwGhrR8","https://lh3.googleusercontent.com/eH-6GFGvM3ZCNgK7CCp0JPcn9GiU1Ko6FezgdUzOjV4jlqhc_tNzXo9XmVOT6p6zjg=w408-h408-k-no"),
("comisaria san borja",19,"https://maps.app.goo.gl/rKBThfB3ZtHZLDJp7","https://lh5.googleusercontent.com/p/AF1QipMlqz5CO6X48HoKh6ZFy4_WBf0_ACJbezwa4D3V=w408-h306-k-no"),
("comisaria surquillo",20,"https://maps.app.goo.gl/1FAmCsSzp1rRSyUN9","https://lh5.googleusercontent.com/p/AF1QipNLyozb_AYoCuhWkEBiY7goBCChx-Cd8DyRqGqF=w408-h306-k-no"),
("Comisaria San Miguel",21,"https://maps.app.goo.gl/K5KRma5g8mE6nyx4A","https://cde.3.elcomercio.pe/ima/0/1/6/0/0/1600563.jpg");

INSERT INTO bombero (nombre, id_distrito, url_direccion, url_imagen) VALUES

("bombero de Lima",1,"https://maps.app.goo.gl/YeJpvBgVghApaCSSA","https://lh5.googleusercontent.com/p/AF1QipP8VOZPHY7H6ycVvXpx-ee1FsH_v6RaMHg92Q7y=w408-h544-k-no"),
("bombero de barrancpo",2,"https://maps.app.goo.gl/AFhT1C7NvahyRWP6A","https://lh5.googleusercontent.com/p/AF1QipPI88auYY9E9obQ7Uz0QYStJcsfSjpvBlZ9Cec5=w426-h240-k-no"),

("bomberos de San Isidro",3,"https://maps.app.goo.gl/4E3tw2vkw4v3AoJB7","https://statics.exitosanoticias.pe/2021/10/8256350d4a6814e31965d4d15d332c2a.jpg"),
("bomberos de Surco",5,"https://maps.app.goo.gl/Z2XAMWwAXr3XmcX59","https://lh5.googleusercontent.com/p/AF1QipOGPOX_0PLST1krmLfd24bJ-ajTeKTJA5qjrhf9=w426-h240-k-no"),
("bomberos La Molina",7,"https://maps.app.goo.gl/izCb56YfjPsJ3ybs6  ","https://lh6.googleusercontent.com/MUIiQGRz8AabcUFq04yqER0uEH7K_bUOTldqLqQxAlyQ7flJpoIaQ-jCmANcIzpu=w408-h306-k-no");
